<?xml version="1.0" encoding="UTF-8"?>
<project-private xmlns="http://www.netbeans.org/ns/project-private/1">
    <editor-bookmarks xmlns="http://www.netbeans.org/ns/editor-bookmarks/2" lastBookmarkId="0"/>
    <open-files xmlns="http://www.netbeans.org/ns/projectui-open-files/2">
        <group>
            <file>file:/var/www/BasicoPHPractica/constantes.php</file>
            <file>file:/var/www/BasicoPHPractica/seleccion.php</file>
            <file>file:/var/www/BasicoPHPractica/estilos.css</file>
            <file>file:/var/www/BasicoPHPractica/iteraciones.php</file>
            <file>file:/var/www/BasicoPHPractica/asignacion.php</file>
            <file>file:/var/www/BasicoPHPractica/index.php</file>
            <file>file:/var/www/BasicoPHPractica/ternario.php</file>
            <file>file:/var/www/BasicoPHPractica/variables.php</file>
            <file>file:/var/www/BasicoPHPractica/funciones.php</file>
        </group>
    </open-files>
</project-private>
