<?xml version="1.0" encoding="UTF-8"?>
<project-private xmlns="http://www.netbeans.org/ns/project-private/1">
    <editor-bookmarks xmlns="http://www.netbeans.org/ns/editor-bookmarks/2" lastBookmarkId="0"/>
    <open-files xmlns="http://www.netbeans.org/ns/projectui-open-files/2">
        <group>
            <file>file:/var/www/practica_1/variables.php</file>
            <file>file:/var/www/practica_1/iteraciones.php</file>
            <file>file:/var/www/practica_1/funciones.php</file>
            <file>file:/var/www/practica_1/index.php</file>
            <file>file:/var/www/practica_1/asignacion.php</file>
            <file>file:/var/www/practica_1/seleccion.php</file>
            <file>file:/var/www/practica_1/constantes.php</file>
        </group>
    </open-files>
</project-private>
